date,type,state,name,title
2026-10-05,dataset,new,censo-nacional-de-poblacion-hogares-y-viviendas-2022,"Censo Nacional de Población, Hogares y Viviendas 2022"
2026-10-05,dataset,new,modulo-de-acceso-y-uso-de-tics-eph,Módulo de Acceso y Uso de TICs (EPH)
2026-10-05,dataset,new,encuesta-permanente-de-hogares-eph-2003,Encuesta Permanente de Hogares (EPH). 2003
2026-10-05,dataset,new,encuesta-de-actividades-de-ninos-ninas-y-adolescentes-eanna-2016-2017,"Encuesta de Actividades de Niños, Niñas y Adolescentes (EANNA) 2016-2017"
2026-10-05,dataset,new,encuesta-nacional-sobre-acceso-y-uso-de-tecnologias-de-la-informacion-y-la-comunicacion-entic,Encuesta Nacional sobre Acceso y Uso de Tecnologías de la Información y la Comunicación (ENTIC)
2026-10-05,dataset,new,fracciones-censales-censos-1991-a-2022,Fracciones censales - Censos 1991 a 2022
2026-10-05,dataset,new,encuesta-permanente-de-hogares-eph-2017,Encuesta Permanente de Hogares (EPH). 2017
2026-10-05,dataset,new,encuesta-nacional-de-factores-de-riesgo-enfr-2009,Encuesta Nacional de Factores de Riesgo (ENFR) 2009
2026-10-05,dataset,new,encuesta-mundial-de-tabaquismo-en-adultos-emta-2012,Encuesta Mundial de Tabaquismo en Adultos (EMTA) 2012
2026-10-05,dataset,new,radios-censales-censos-1991-a-2022,Radios censales - Censos 1991 a 2022
2026-10-05,dataset,new,encuesta-nacional-sobre-prevalencias-de-consumo-de-sustancias-psicoactivas-enprecosp,Encuesta Nacional sobre Prevalencias de Consumo de Sustancias Psicoactivas (EnPreCoSP)
2026-10-05,dataset,new,encuesta-nacional-sobre-consumos-y-practicas-de-cuidado-2022,Encuesta Nacional sobre Consumos y Prácticas de Cuidado 2022
2026-10-05,dataset,new,encuesta-nacional-de-gastos-de-los-hogares-1996-1997,Encuesta Nacional de Gastos de los Hogares 1996-1997
2026-10-05,dataset,new,encuesta-permanente-de-hogares-eph-2015,Encuesta Permanente de Hogares (EPH). 2015
2026-10-05,dataset,new,modulo-de-la-eahu-sobre-trabajo-no-remunerado-y-uso-del-tiempo-tercer-trimestre-2013,Módulo de la EAHU sobre Trabajo No Remunerado y Uso del Tiempo - Tercer trimestre 2013
2026-10-05,dataset,new,estudio-nacional-sobre-el-perfil-de-las-personas-con-discapacidad-2018,Estudio Nacional sobre el Perfil de las Personas con Discapacidad (2018)
2026-10-05,dataset,new,encuesta-permanente-de-hogares-eph-2004,Encuesta Permanente de Hogares (EPH). 2004
2026-10-05,dataset,new,encuesta-de-gastos-e-ingresos-de-los-hogares-1985-1986,Encuesta de Gastos e Ingresos de los Hogares 1985-1986
2026-10-05,dataset,new,encuesta-permanente-de-hogares-eph-2020,Encuesta Permanente de Hogares (EPH). 2020
2026-10-05,dataset,new,encuesta-permanente-de-hogares-eph-2025,Encuesta Permanente de Hogares (EPH). 2025
2026-10-05,dataset,new,encuesta-permanente-de-hogares-eph-2007,Encuesta Permanente de Hogares (EPH). 2007
2026-10-05,dataset,new,tabla-de-conversion-de-radios-censales-2010-2022,Tabla de conversión de radios censales 2010-2022
2026-10-05,dataset,new,encuesta-permanente-de-hogares-eph-2021,Encuesta Permanente de Hogares (EPH). 2021
2026-10-05,dataset,new,encuesta-permanente-de-hogares-eph-2006,Encuesta Permanente de Hogares (EPH). 2006
2026-10-05,dataset,new,encuesta-permanente-de-hogares-eph-2026,Encuesta Permanente de Hogares (EPH). 2026
2026-10-05,dataset,new,encuesta-nacional-de-factores-de-riesgo-enfr-2005,Encuesta Nacional de Factores de Riesgo (ENFR) 2005
2026-10-05,dataset,new,encuesta-permanente-de-hogares-eph-2005,Encuesta Permanente de Hogares (EPH). 2005
2026-10-05,dataset,new,encuesta-nacional-de-gastos-de-los-hogares-2004-2005,Encuesta Nacional de Gastos de los Hogares 2004-2005
2026-10-05,dataset,new,encuesta-permanente-de-hogares-eph-2013,Encuesta Permanente de Hogares (EPH). 2013
2026-10-05,dataset,new,encuesta-nacional-sobre-calidad-de-vida-de-adultos-mayores-encaviam-2012,Encuesta Nacional sobre Calidad de Vida de Adultos Mayores (ENCaVIAM) 2012
2026-10-05,dataset,new,encuesta-nacional-de-factores-de-riesgo-enfr-2013,Encuesta Nacional de Factores de Riesgo (ENFR) 2013
2026-10-05,dataset,new,encuesta-permanente-de-hogares-eph-2014,Encuesta Permanente de Hogares (EPH). 2014
2026-10-05,dataset,new,encuesta-permanente-de-hogares-eph-2009,Encuesta Permanente de Hogares (EPH). 2009
2026-10-05,dataset,new,censo-nacional-de-poblacion-hogares-y-viviendas-2001,"Censo Nacional de Población, Hogares y Viviendas 2001"
2026-10-05,dataset,new,encuesta-nacional-de-gastos-de-los-hogares-2012-2013,Encuesta Nacional de Gastos de los Hogares 2012-2013
2026-10-05,dataset,new,encuesta-permanente-de-hogares-eph-2003-2015-documentos-metodologicos-clasificadores-y-codigos,"Encuesta Permanente de Hogares (EPH). 2003-2015. Documentos metodológicos, clasificadores y códigos."
2026-10-05,dataset,new,encuesta-nacional-sobre-salud-sexual-y-reproductiva-enssyr-2013,Encuesta Nacional sobre Salud Sexual y Reproductiva (ENSSyR) 2013
2026-10-05,dataset,new,codigos-geograficos-del-indec-2022,Códigos geográficos del INDEC 2022
2026-10-05,dataset,new,encuesta-permanente-de-hogares-eph-2012,Encuesta Permanente de Hogares (EPH). 2012
2026-10-05,dataset,new,modulo-de-la-eahu-sobre-actividades-de-ninos-ninas-y-adolescentes-mannya-tercer-trimestre-2012,"Módulo de la EAHU sobre Actividades de Niños, Niñas y Adolescentes (MANNyA) - Tercer trimestre 2012"
2026-10-05,dataset,new,encuesta-nacional-de-factores-de-riesgo-enfr-2018,Encuesta Nacional de Factores de Riesgo (ENFR) 2018
2026-10-05,dataset,new,encuesta-permanente-de-hogares-eph-2019,Encuesta Permanente de Hogares (EPH). 2019
2026-10-05,dataset,new,encuesta-nacional-de-gastos-de-los-hogares-engho-2017-2018,Encuesta Nacional de Gastos de los Hogares (ENGHo) 2017-2018
2026-10-05,dataset,new,encuesta-permanente-de-hogares-eph-2022,Encuesta Permanente de Hogares (EPH). 2022
2026-10-05,dataset,new,encuesta-nacional-de-uso-del-tiempo-2021-enut-2021,Encuesta Nacional de Uso del Tiempo 2021 (ENUT 2021)
2026-10-05,dataset,new,censo-nacional-de-poblacion-hogares-y-viviendas-2010,"Censo Nacional de Población, Hogares y Viviendas 2010"
2026-10-05,dataset,new,encuesta-nacional-de-victimizacion-2017,Encuesta Nacional de Victimización 2017
2026-10-05,dataset,new,encuesta-permanente-de-hogares-eph-2011,Encuesta Permanente de Hogares (EPH). 2011
2026-10-05,dataset,new,encuesta-permanente-de-hogares-eph-2010,Encuesta Permanente de Hogares (EPH). 2010
2026-10-05,dataset,new,tabla-de-conversion-de-radios-censales-2001-2010,Tabla de conversión de radios censales 2001-2010
2026-10-05,dataset,new,encuesta-permanente-de-hogares-eph-2016,Encuesta Permanente de Hogares (EPH). 2016
2026-10-05,dataset,new,encuesta-permanente-de-hogares-eph-2018,Encuesta Permanente de Hogares (EPH). 2018
2026-10-05,dataset,new,encuesta-permanente-de-hogares-eph-2024,Encuesta Permanente de Hogares (EPH). 2024
2026-10-05,dataset,new,encuesta-permanente-de-hogares-eph-2008,Encuesta Permanente de Hogares (EPH). 2008
2026-10-05,dataset,new,cobertura-geografica-de-la-encuesta-permanente-de-hogares,Cobertura geográfica de la Encuesta Permanente de Hogares
2026-10-05,dataset,new,censo-nacional-de-poblacion-hogares-y-viviendas-1991,"Censo Nacional de Población, Hogares y Viviendas 1991"
2026-10-05,dataset,new,encuesta-permanente-de-hogares-eph-2023,Encuesta Permanente de Hogares (EPH). 2023
2026-10-05,organization,new,indec,Instituto Nacional de Estadística y Censos (INDEC)
